UniqueCount	AmbigCount
0	0
0	0
2	2
0	0
144	0
0	0
41	11
115	4
90	0
0	0
5	0
1414	292
1760	0
1728	0
5828	12
0	873
1022	879
3176	215
98	213
5446	12
1405	0
939	2
6998	6
3017	2
1294	2
1138	67
5	67
786	0
463	0
54	287
188	287
11253	12
3241	6
427	5476
22333	5513
2446	8
3267	6
3378	6
99742	127039
746	126994
0	0
158	0
4670	30
35089	225
25	4
520	4
1541	2
535	2
1066	0
49	20
1405	22
1369	2
6098	6
893	2
740	2
388	64
8142	393
660	313
5843	4
2068	6
43638	39
4760	14
3882	2
1195	1114
27	1112
4632	18
29	0
4837	14
26	0
441	132
5037	134
1106	0
2829	16
4723	0
8441	2
3164	8
1302	2
2105	0
1305	0
5607	18
0	0
9442	14096
5	2657
41924	6
22	0
2381	14
5500	24
3291	2
7125	2
1140	2
1880	0
931	0
930	74492
6	19367
0	0
5691	4
23033	6
1401	12
1114	13
15	9
10	0
281	0
0	0
0	0
1823	6
1362	2
16	0
50	0
588	307
517	370
985	0
0	0
7121	70
8	0
1063	272
10	0
0	23
0	25
0	180
21	2
32	150
38	121
0	14
9	18
4358	19864
17	48
4	17
2638	17146
1	7166
14	3201
24	16741
7	0
0	1
1	0
0	0
0	0
2474	2
4272	4
8040	6
2864	2
2345	2
2245	0
2784	6
1	0
0	1604
837	20369
0	0
123	80
12874	94
2501	2
2332	6
139	110
737	173
5	63
1954	2
20454	4
1537	0
14999	4
1184	2
1494	2
4563	16
14723	13
1649	0
5128	26
1621	4
25	998
5301	1000
3474	6
1024	6
5741	18
544	0
474	676
24720	706
1492	4
504	9
76	9
0	0
20182	15252
4	0
183	0
198	0
169	76
3337	150
0	64
1793	0
2597	6
1682	13
14	5
1061	2
2272	14
0	251
3508	267
1279	4
384	0
632	0
6502	4
2107	0
6226	16
1766	4
1831	2
297	598
2994	608
5738	10
3095	0
79	0
101	0
16319	12
3890	4
2684	2
16	0
863	0
5523	17
7384	36
2344	0
9	0
9342	22
0	2
1237	0
2051	4
2294	14
1460	0
1876	10
2673	0
4244	4
833	0
10341	8
200	0
1815	0
1187	8
23951	72
416	2
583	2
5714	7
2122	2
7307	12
875	0
3837	4
920	2
1168	0
17111	58
2491	4
1127	0
0	0
0	0
2628	4
421	0
1033	327
7827	318
650	0
2469	12
2	0
1505	4
12206	116
3700	75
0	71
2278	6
13	5273
4502	42542
0	0
8529	2
13826	33
28643	8
2164	38
2625	2
3708	14
2152	2
1817	34
1132	0
2267	6
2724	20
1771	4
24461	27
22409	30
25915	22
71	0
1	4627
171	34098
102	0
0	0
2316	8
11995	12
2631	2
6315	10
80	0
542	2
709	0
1292	4
461	0
6238	6
807	0
11371	8
2015	4
1	0
3282	4
16400	16
3037	16
50419	27798
66	0
604	2
8014	10
3599	26
24	0
21916	250
8719	14
1061	0
4922	12
4577	0
31	0
5609	14
3298	18
6883	29
1830	4
0	0
313	0
1460	2
315	0
23486	25
4002	2
372	22
38	20
3149	8
1618	2
1370	2
2608	4
0	0
1381	6
0	0
42	48
0	48
1944	2
2964	12
1285	0
5154	4
2428	8
1562	0
1392	14
477	63
2	59
876	10
796	2
6717	0
25100	36
20503	54
1301	6
966	2
590	0
1	0
5499	22
7516	16
57	0
33	0
276	0
55320	29
15238	16
4794	16
3654	8
0	0
0	0
6899	6
2139	0
11747	63
36801	58
494	0
447	0
25957	60
1208	0
639	1503
688	1503
2095	504
400	504
423	0
12137	54
36048	71
2476	0
1510	6
1535	0
1434	0
870	146
0	134
4041	2
2619	17
2241	6
0	0
1968	0
2634	11
20779	2
692	0
2843	2
2285	0
30	0
5638	6
3714	2
274	0
8182	483
534	432
2114	2
7395	2
178	20
532	20
70128	337172
1445	8
387	2
23509	130
0	24
1896	8
2278	109
80	89
1187	2
10907	4
2167	63
80	61
20031	14
418	0
605	0
2644	0
1098	0
0	0
2395	0
5187	10
141	0
1624	2
1952	6
576	2
676	2
6683	14
6798	18
1390	0
0	0
3861	8
11342	70
29	0
7812	6
2719	16
295	4
501	4
5311	2
2004	13
4166	0
849	4
989	0
2652	0
3385	4
1682	12
1304	0
8284	18
10587	14
1488	0
1505	0
31231	24
1068	0
2272	8
1280	0
1549	2
2126	4
526	0
1080	0
1874	4
2057	8
4100	22
4166	24
2404	0
19	111
1039	111
557	0
16348	51
13	0
2118	8
225	0
14330	19862
298	0
3	0
528	2
165	0
562	0
731	2
4212	24
354	9
35054	16
6	0
26786	17
0	0
1145	0
604	0
153	0
1666	2
36766	39
1	0
6	0
1405	0
7777	18
9019	0
2660	4
0	0
753	0
37	0
3998	2
688	0
1210	0
7839	1116
550	1114
10877	36
10538	10
3	0
0	0
0	1
1596	0
787	4
4542	15
653	0
2648	0
3200	30
1457	6
378	2
15321	142
0	591
8095	595
14375	6
0	0
2216	4
992	26
0	0
32	24
1550	4
65	2
3012	22
1090	0
7743	18
902	0
358	0
1207	8
2360	4
187	220
1640	220
253	2
4716	0
5974	22
1677	0
4178	12
5212	4
1390	2
345	0
1954	0
1247	4
5669	16
351	0
5268	10
3191	2
3001	4
8230	2
8108	4
61	0
1025	0
1628	18
754	0
831	0
2080	32
692	0
3441	0
885	4
284	0
899	0
2337	2
3368	2
647	0
9325	12
2029	4
3442	8
4285	779
4	777
1710	0
2373	0
1064	2
1377	0
1105	4
2724	0
757	2
5068	18
4225	14
117	214
706	214
4604	4
816	0
1789	6
834	0
15285	14
221	2
72	0
64905	52
4274	6
1613	6
3168	2
3728	0
704	0
13	0
1274	0
1814	0
3510	10
29512	39
0	0
285	1
605	2
0	0
107	198
2	39
5	14
8	5841
2	0
2	0
0	0
7	64
3	176
2	264
0	5164
0	0
0	266
1573	6
1553	6
2773	10
4091	4
484	2133
7	2133
1669	0
5289	12
1272	0
1271	0
10163	32
2368	0
1868	0
8584	4
2280	0
8	0
58	0
529	0
15773	670
506	636
2703	18
61963	165
423	29
265	16
10128	22
3139	8
2538	4
1166	0
1669	0
1111	0
5081	4
1125	0
1632	0
5039	6
17391	6
1975	8
4138	18
903	2
82	0
47	0
24157	21
23	1
1761	605
1	590
0	1
120	0
6	4521
342	38550
0	0
0	0
3434	0
725	0
3893	12
491	0
12872	2
2703	4
12424	6
3127	4
697	2
1506	4
74	0
2037	8
971	2
1458	4
5781	4
12	0
19	0
7	0
3132	2
836	8
6141	38
5378	6
102	4
0	0
287	0
0	0
4222	2
3612	2
176	0
12605	8
94137	54785
10539	54746
1221	2
786	2
364	0
0	0
4426	92
17764	38
585	2
0	0
0	0
67	10
669	2
155	0
554	0
147	0
1642	0
37	0
4172	0
700	0
4776	130
166	0
52	0
4628	4
537	0
0	0
3445	4
1834	2
4300	0
2	0
22587	15
88	0
3147	16
7050	56
15846	22
3506	10
2666	8
2856	2
697	264
0	0
0	5164
0	0
98	266
5566	14
801	2
3460	4
1792	222
0	220
4945	4
5093	127
0	117
683	2349
7796	2580
48	201
9442	2
5545	4
12111	6
635	2
5622	4
2535	0
1021	0
2036	4
0	0
182	147
195	147
4135	0
524	4
3320	0
2234	2
5546	4
1100	4
2695	2
2485	10
2850	4
1019	2
353	0
1080	0
8474	6
1766	0
1199	20
0	20
643	0
1638	0
12160	4
139	0
573	0
485	4908
9	4906
11976	6
2621	112
971	0
1100	0
2290	12
10002	12
2441	0
719	10
6	0
0	1168
4064	10
2	25
0	0
849	0
99	0
205	0
174	0
137	0
2	0
8	0
440	0
1287	0
886	9
0	0
686	1326
0	0
3	1160
32	346
104	397
53	14
394	1
46	0
351	2
1	0
2727	0
742	0
757	4
5705	6
5287	4
692	0
1888	2
875	0
40	0
4382	14
1908	0
50603	37500
474	16374
3453	17
4654	0
3314	8
3646	0
4330	0
439	0
171	95
1491	95
720	0
145	0
1162	4
758	2
2838	4
233	0
9717	104
8805	8
621	0
0	0
364	4
1592	0
7463	10
3694	14
1060	4
3638	4
481	0
1792	0
1308	6
2571	26
413	2
622	4
3664	4
2019	4
30	0
12606	12
1101	0
4017	22
7404	6
38080	4678
3583	2
3924	13
2884	55
23	14
413	16
170	0
32683	24
93	176
242	0
8005	952
241	0
1625	2
1254	2
5115	2
494	0
1743	12
1297	6
8829	0
5560	2719
301	2691
8941	12
4531	14
257	0
3960	12
3455	4
1839	6
1068	0
3147	138
2	130
11	0
4441	4
468	0
1978	0
0	0
1061	34
0	14
58	4
1340	2
1192	4
2342	4
702	2
9377	403
331	377
496	1482
3001	1482
1294	4
8314	58
7291	54
1086	2
14709	16
2675	0
9986	56
453	0
3577	6
21033	46
490	0
4831	16
6687	6
17667	4672
1830	23
2562	53
36	176
1403	4
5468	6
5689	925
706	0
11723	0
625	0
9595	20
994	0
29241	87
4924	2
10164	2
1381	2
6752	44
3230	0
1096	0
408	154
161	156
3120	6
2574	0
2577	14
7	0
16	0
1744	4
5193	30
2345	4
1762	4
1158	0
2482	4
548	0
1655	2
637	0
549	6
2220	4
2243	2
900	2
8595	4
6460	34
588	0
8245	6
1198	3891
31183	3939
130	34
5542	36
1835	2
1160	4
1298	0
1165	2
2593	2
808	4
2313	1288
3	1286
1041	10
459	0
13339	8
28983	9
15370	10
6758	0
2771	2
507	0
9253	12
1336	2
1802	10
38749	8
106	0
4453	16
2560	16
2064	0
564	0
21796	168
171	117
1	115
296	0
6514	4
3109	8
4214	0
1429	247
300	247
3057	0
7907	26
250	0
5302	16
415	0
2799	2
43946	70
0	0
2571	0
2132	8
5874	4
6137	579
112	567
2166	2
4455	16
5393	4
5577	2
949	0
1371	0
558	2
846	0
1432	422
27	414
6525	34
1501	2
684	223
1315	2
5208	99
59	89
824	129
31	129
9967	36
1390	0
12477	26
1767	0
1703	174
147	174
3150	26
0	6
171	0
1	0
0	0
1505	295
4119	293
1003	0
2592	4
5122	16
952	14
767	4
22	2
6384	16
35725	141
2730	6
925	0
342	429
2213	431
450	14
393	0
0	0
1	0
0	0
11734	34
1169	5
3855	44
1051	0
3773	2
1170	4
1062	2
4026	22
6099	12
2090	9
3	0
1707	4
2462	2
3965	12
1611	186
100	186
285	2
33	0
7429	20
27647	27780
440	0
562	0
15	6
0	6
322	0
5460	9
214	0
9860	12
762	0
935	4
478	0
0	0
18404	28
6	0
24216	31
2876	0
3675	2
6238	22
240	2
817	12
342	0
6505	2
38164	18
2630	96
940	32953
3	3799
0	0
1	0
0	0
2	0
8523	6
1428	0
29116	364
847	16084
59	18089
1763	15293
1350	0
52	0
4	0
891	0
2577	0
314	0
13495	52
5606	20
47	34
2728	40
109205	48
1860	12
4233	258
8	230
3469	4
9032	10
4312	4
2405	0
611	0
0	0
0	0
458	0
11517	32
2687	0
16270	36
993	2
38107	16
780	0
151	0
482	2
3128	10
1473	2
54	0
3926	2
6578	2
746	2
4133	22
1123	2
741	0
42058	138
454	0
341	0
151	0
2707	12
2811	0
900	0
4827	12
4377	120
533	0
444	0
2860	14
1654	4
0	0
3006	2
2724	16
3423	10
1991	2
12121	596
57	570
8	4
1037	0
3367	6
7351	10
0	0
173	66504
1	5012
6349	6
792	0
5663	0
21	0
2792	4
1857	2
4180	0
205	0
0	0
2871	16
1250	2
1909	11
1980	26
2761	80
86	73
1749	18
6	0
666	0
1556	16
2112	0
753	2
2	0
5517	2
15	0
7185	24
1192	0
4479	6
2032	0
745	0
639	0
1326	0
13308	4
4807	23
11431	2
1471	2
539	4
469	0
1949	1200
7515	1200
16042	26
43	0
1465	0
2430	18
819	0
1238	0
4637	12
774	0
3455	26
6817	24
3910	10
3824	12
2592	24
2849	8
349	1031
9309	1830
1032	4
2817	0
3335	0
4431	3404
20033	3405
1330	0
470	21
11502	2
3615	20
2763	6
4120	6
1730	0
1465	34
2091	6
3389	4
3315	6
2002	0
3136	5
3931	8
5	0
13579	49
0	0
632	1539
1725	6
14771	12
574	8
5411	2
1756	0
5677	38
2953	0
417	0
429	0
593	0
2318	8
1705	2
5885	22
12	0
560	0
31	0
1593	4
223	0
4973	10
1845	1644
14146	1650
4007	18
8429	36
641	0
827	154
90	152
4584	8
0	0
1158	20
2397	2
859	0
945	2
160	167
2470	167
1024	0
880	122
140	120
1320	0
2443	2
4651	10
2030	8
3623	0
2118	828
17	825
9	2072
213	37652
567	41305
26	2908
0	0
6599	16
6668	6
2871	0
2845	20
59	2
2330	2
3605	22
59	0
1094	2
0	0
5237	16
1033	6
381	4
23274	4
10378	3
13771	4
4161	28
1869	4
2548	4
178	178
1022	178
5601	10
20460	147
3211	2
1171	8
1493	0
866	2
9373	16
2324	8
1015	0
2	0
0	0
936	2
1113	2
2279	0
7525	2
2632	2
9	0
2259	0
672	2
529	2
4	0
3833	4
202	0
297	0
1140	4
769	0
1018	0
1471	2
2271	4
166	0
686	0
8424	16
0	0
11	2513
907	27467
252	122675
0	15206
0	0
5348	6
872	6
17027	52
1010	0
2916	16
2425	6
1430	12
20	393
13927	958
231	515
2253	4
576	2
707	0
1527	0
1074	0
946	0
4	0
0	0
1634	4
2853	4
855	0
862	0
4547	16
3252	0
546	2
313	0
1709	0
723	2
2160	23
19	9
2552	2
5810	14
9458	16
7928	12
1536	0
1814	18
8220	6
1513	2
3755	6
3083	10
3999	4
820	0
1954	2
9247	4
1306	2
1436	8
0	0
3843	0
377	0
4227	0
5374	18
1605	4
1645	2
834	6
548	2
875	0
1814	22
0	0
0	5079
31	83408
473	2
1492	2
1108	2
2507	10
1381	0
3	0
5659	0
1235	0
1675	4
503	2
5152	20
2066	2
14673	50
1043	165
5018	171
3014	6
1836	0
3036	10
1198	2
3326	34
4446	53
4444	4
712	4
1869	0
1510	6
2732	2
0	0
2	0
11760	28
189	5372
33	5372
44	0
80094	243
8464	28
1915	2
4834	2
9527	9
0	0
1742	8
2297	4
2336	2
15835	34
2927	53
1	21
94	143
3253	155
536	2
1532	4
3778	152
112	122
2498	0
2680	4
1156	8
0	0
1362	10
1406	2
18016	21
1	23523
3706	146085
116	0
1311	2
2261	0
888	0
1075	4
1133	0
0	0
4084	6
1075	0
16	0
346	0
1954	0
1335	0
295	0
2088	0
2752	4
145	0
748	4
6882	10
2655	14
21566	14
968	0
3743	2
18156	62125
1100	8
1593	2
10089	80
2800	40
2788	6
0	0
1071	0
1553	2
1625	8
5765	0
4433	8
366	999
1140	999
6872	24
7683	0
951	0
0	39
69	39
176	0
1348	0
3490	2
4918	12
5	0
3469	8
6229	6
2969	10
1419	0
4229	2
875	2833
25	2832
1184	2
2649	0
1939	0
12109	7038
8137	7036
1622	6
0	0
6372	53
987	2
4419	7
3264	0
671	0
1910	47
28	43
1868	0
663	0
15295	35
3216	18
24	0
12808	4032
165	4009
4827	6
1141	0
3651	10
209	0
1429	2
586	0
1552	6
655	0
74	105
1914	109
3043	33
23	23
0	0
6	0
13060	11
1855	0
2355	2
19853	8
1760	0
17608	174
304	0
8401	18
219	151
8560	175
14011	28
3016	10
1023	0
1747	4
225	0
552	0
886	0
4670	14
13245	131
1	37
6385	6
3500	238
112	220
933	0
1031	2
1472	4
12517	6
34	0
1257	0
2285	0
3802	6
2929	2
5114	6
698	4
2473	4
1262	4
21993	12
1181	0
20753	56
962	4
5876	20
1359	0
3505	2
2309	7
516	0
1608	24
1328	8
5019	0
410	0
1848	8
1774	4
4220	16
224313	601
1729	2
2025	4
30345	8
631	0
33003	6
1231	2
127	0
2797	2
1674	0
0	0
4324	6
20876	708
615	686
3264	0
16	0
316	0
1348	0
2021	30
2395	0
1352	8
2324	0
3812	6
3851	8
2203	6
1265	58
55	58
240	0
266	0
2312	6
17	0
10197	2
0	0
4	0
592	8
38	1315
2401	1333
318	0
1274	6
774	0
1391	0
1525	0
1132	0
1008	12
1328	20
20	0
394	0
71	312
166	312
2061	6
223	0
987	0
2	16
1	0
1	0
4	111441
0	11205
9	31022
0	2905
0	17
3	1
0	0
132	5836
0	318
0	32
23	2
671	29
35344	4340
109	0
234	0
482	0
112	0
494	0
39	2
1330	0
2071	6
613	2
2179	6
4304	58
1320	319
55	319
569	0
3098	14
3114	0
3731	2
2596	2
818	0
3959	4
1341	2
9300	40
13241	11
6663	25
835	0
3764	0
3145	8
3885	4
380	618
8517	624
64	0
4354	12
577	0
2249	0
4081	6
3314	4
5921	4
2	0
19	0
848	0
19359	152
349	2
2900	10
3894	96
6871	30
1819	4
2009	42
12198	82
3246	0
1821	2
18144	16
371	0
7339	8
1030	0
4218	8
3820	0
986	0
7021	0
83	155
4872	184
1378	4
141	0
8061	40
2711	4
1009	2
8582	4
3030	0
1586	0
4899	2
1977	12
0	2
1150	8
2405	12
116	0
4	0
0	0
1142	6
1	4
9	4
309	0
1102	2
606	0
1152	12
0	0
1262	0
5644	8
937	0
1240	6
3656	6
5346	10
196	0
0	0
12672	4
556	4
17	0
4225	12
1027	0
1579	2
10	585
0	4933
119	4950
0	0
2077	4
24865	98
1345	12
6166	2
14808	52
3163	12
1035	2
357	0
166	159
567	163
1717	8
6430	2339
16	112
2106	126
3107	288
85	282
491	0
967	0
4043	2
3883	6
2442	0
974	8
161	149
66	146
81	0
8	0
0	0
2467	8
792	0
21	0
28240	28
7105	135
6603	0
1746	2
669	2
4133	14
103	480
13144	498
6	0
4622	0
1089	0
1771	0
17314	62
2232	2
9819	10
1264	0
8816	14
3510	6
464	0
3310	12
2547	2
4574	18
4779	2
14	0
2321	23
168	13
10431	281
326	273
0	0
143	0
52	0
571	0
3176	4
11	0
186	0
2481	2
5048	8
2995	566
2	541
600	47
953	0
2385	14
71581	5743
2391	10
2241	12
9182	9
0	0
259	0
0	0
2630	4
1998	8
16	0
555	0
1667	10
216	0
0	0
2982	4
2934	0
741	0
499	0
8546	43
1697	0
1014	2
475	0
2583	16
832	4
1629	8
3157	20
3451	16
6094	23
248	0
11786	37
0	1
1405	0
1383	0
334	2
3180	12
2902	6
8015	8
43	0
465	0
1338	0
1081	0
28	258
8	260
996	2
4	6
1108	198
978	393
0	22
1	64
0	301
153	445
264	443
1	0
4771	2
3918	319
10	307
829	8
951	2
3505	4
203	0
412	0
594	2
163	0
61	36
1080	36
171	0
4281	6
1873	2
1966	2
1761	391
70	391
1779	2
2625	2
375	0
4	1
3	6
517	0
31	0
1	0
0	0
2	0
0	0
461	0
0	0
0	0
186	4
254	6
23	6
113	98
97	131
218	131
67	2
0	0
11	0
0	0
0	0
8	5
1	5
10	8
5	8
232	0
0	0
6	0
0	0
0	0
0	0
2604	2
259	0
0	0
0	0
0	0
0	0
0	0
0	0
0	0
0	0
0	0
0	0
0	0
0	0
0	0
0	0
0	0
0	0
0	0
17	0
0	0
0	0
0	0
0	0
9	0
0	0
9	1
0	1
2830	24760
0	4274
0	1014
171	968
87	444
22	302
42	0
1806	0
156	0
14116	30
43	27
136	13
146	0
590	4
1637	16
44024	36
996	0
14186	54
682	2
3895	4
7689	4
93	0
11	0
4781	8
105	0
2222	0
6119	32
35	0
10330	11516
6506	11513
2405	2
2979	14
5956	12
47	1
1978	3
0	0
0	0
0	0
87	1
632	4
8040	2
7180	4
71	2
2574	4
5986	12
23198	22
525	4
66502	71
18	0
1555	0
7585	18
6504	10
44	0
9883	6970
16	6856
1713	131
0	0
5689	79
0	40
23594	90
4	4
865	4
991	0
96	0
0	0
14850	4
3003	0
3573	10
378	2
2938	6
6273	18
0	0
227	71
149	71
207	0
1650	2
375	0
28	803
720	805
938	0
2893	0
2991	16
4133	10
12	0
2784	4
0	0
1320	6
1515	2
0	0
4	1
3	1
0	0
10348	6
49	0
0	0
4485	8
1589	2
514	10
964	0
1149	0
13509	8
10066	10
25596	60
7978	23
7314	6
5811	0
2613	20
7199	44
7	25
609	25
4053	20
20	0
8925	32
2315	0
1707	0
576	27
0	1
3997	4
2650	10
1854	201
2	193
793	0
4726	8
5783	6
2034	2
4573	0
2956	0
8666	16
6487	6
1408	0
8853	310
0	306
1393	2
13143	36
0	0
41884	40
3007	9
962	2
2107	4
3574	4
8844	0
3785	10
1333	0
912	0
1178	20
15523	24
2233	2
519	2
3	70
307	70
100	0
2228	8
990	2
456	0
70931	42
1181	2
256	0
987	4
146	0
92	33
2353	41
5818	48
0	0
817	0
6309	12
1382	8
1183	0
4483	8
3555	16
0	0
465	0
10104	14
22901	142
19507	77
1843	0
893	0
1843	0
2498	20
2929	85
2961	4
3745	0
4364	12
3426	12
2005	0
0	0
103	3
259	2
86	94
4	92
4359	0
132	136
3853	144
16634	18
770	0
25410	10
11385	10
17475	2343
706	0
1953	4
0	0
716	3
104	3
1635	2
1935	0
0	0
669	6
273	385
4244	395
5212	38
7115	10
4614	14
6063	4
42	0
7	31
2	31
11367	6
731	172
58	172
1174	0
11435	48
836	4
11	34
7377	38
5138	8
0	3
24376	46
0	0
709	0
3061	16
430	0
5695	4
2289	2
200	0
0	1
28	0
771	0
2433	6
2492	0
785	2
13227	15264
3251	8
290	0
7558	16
25	0
2519	18
557	18
4119	14
8421	4
1644	3
2596	0
4016	0
4859	8
762	20
1302	2
41106	23
3343	4
4227	0
117	41
10665	45
37	0
8040	23
2378	0
7197	4
7727	18
3918	2
3242	2
322	0
6443	18
3299	10
24402	2
741	0
2915	8
0	0
6894	10
0	0
0	0
370	472
739	472
36	0
0	0
6626	6
155	31
28	31
3019	4
0	0
58	164416
1	23480
0	0
282	0
1970	2
3878	10
469	0
1747	0
2759	4
144281	109
730	304
243	304
1776	0
769	1473
2661	1479
5	197
505	203
569	0
0	0
6014	18
2913	2610
389	2610
944	4
5063	16
9537	22
2033	4
2104	6
0	1
2441	4
1050	520
2729	532
0	0
189	52832
0	5234
2915	16
2515	4
1306	0
7373	24
25893	26
296	66
15332	138
3658	4
1758	0
3083	0
684	0
1885	14
6176	16
10	253
1415	255
671	0
2611	0
1	0
8577	79
44026	24
15523	16
377	0
635	4
420	12
0	0
2	0
666	0
1101	0
731	2
205	0
1172	2
237	0
186	0
19	0
88	239
137	106081
0	7096
0	10769
0	8344
272	173
159	12594
4	394
26	754
0	0
28	777
84	210
144	198
360	951
16	16
244	7
452	0
304	0
1146	4
219	0
101	0
23	0
1230	0
2024	12
7390	6
2829	6
862	0
10406	6
1051	0
2413	2
6	0
10944	12
223	0
33810	16
11585	7
17160	8
13	0
3168	8
1970	0
1048	0
4113	22
5042	0
15	0
6543	4
0	0
522	0
1640	10
1202	0
2298	2
27762	20
2344	4
2814	6
5235	20
9323	4
214	1935
2802	1935
22	0
12	0
0	0
9756	10
514	0
2199	4
5407	4
0	3
13	3
7632	12
274	1522
2344	1530
13	8
15	0
53	0
1582	435
4738	440
2826	3
5109	18
8343	10
3562	2
157	0
12453	62
166	0
0	0
0	5491
1	47937
2917	8
2258	8
3277	48
5476	12
1003	4
8567	6
1231	2
6081	2
0	0
669	0
314	0
0	0
6726	321
0	301
4890	2
15	48
1260	56
0	0
95	0
0	0
3232	22
1297	0
1975	0
8258	148
0	0
342	0
6974	2
7569	43
0	0
456	2
2313	4
1649	0
2	0
70	0
12269	52
1764	0
0	0
77	0
703	0
3981	6
0	0
1536	6
1472	0
3942	10
41412	5740
7	0
309	0
3756	0
11	0
3969	18
5182	2
19	15
691	9
0	0
472	8
204	2730
8285	2740
3507	22
2853	4
7959	12
3627	10
794	0
440	0
5815	0
1041	0
1302	2
7097	5
1841	0
244	0
5626	0
9078	8
3864	2
723	74
2380	74
12	0
132	3
2055	9
0	0
159	0
3	0
0	4
0	0
23	0
2	0
411	0
4357	14
5671	2
157854	335
388	4
19002	32
5429	36
1171	2
479	0
325	6
2424	0
1023	4
3059	6
16122	10
7051	28
1178	4
1333	0
1226	4
416	0
63	76
5310	81
847	2
2298	590
28	586
54247	34
2269	2
2679	4
3061	2
51	0
765	4
8755	24
2563	10
550	0
918	2
0	0
9965	4
1323	0
1465	0
1537	18
3332	12
2861	0
1136	520
245	520
13	87
2940	103
4107	7
74	629
2533	629
1086	2
1836	2
1656	0
3854	2
1169	0
8864	20
5383	8
292	0
0	0
50	0
11592	28
0	0
13068	10
3608	8
0	0
12411	2
219	4120
1309	4122
5136	8
2017	2
14905	50
51	0
1063	0
215	0
3239	2
1416	6
3121	4
42508	55
29	0
7	0
979	0
11340	18
991	0
195	0
85	0
22	0
3526	10
544	0
1516	8
3611	6
75	0
968	4
510	0
701	4
11772	46
3365	4
3400	10
53	0
0	0
3588	4
194	47
5741	59
799	429
208	429
2681	2
2393	4
494	2
4319	0
2531	4
755	0
0	0
60	0
2886	16
1622	2
1450	0
810	2
846	835
75	835
2900	10
6786	8
331	0
10524	18
19117	38
475	0
1951	6
953	2
1133	4
1891	6
1524	0
8672	38
5149	2
17	0
12855	7
782	4
10246	5879
1095	0
3656	16
14	36
2311	40
2869	10
1837	10
799	0
827	0
5449	27
2280	0
1341	10
49440	5133
17	5117
9062	168
290	0
11638	32
1746	4
0	0
7	0
697	6
2514	12
1419	0
5853	4
902	4
2527	0
3679	28
2324	8
362	113
1474	113
2242	2
3484	0
15998	18
1041	0
18132	28848
357	28845
1066	2
2576	0
5324	6
545	2
857	2
0	0
6222	12
435	0
0	1
2468	0
2682	2
3484	2
6809	24
988	2
981	4
75	2
3	603
245	603
858	0
3908	2
1071	0
5942	16
1763	2
1906	4
187	2
650	2
642	8
8637	30
24785	124
39829	2807
0	0
6	0
727	0
341	130
5204	464
111	326
3884	8
1152	0
2683	871
330	871
2377	38
3198	12
2910	12
925	6
4056	46
0	40
4270	120
758	0
964	0
718	2
1049	2
512	0
3489	0
33138	17
3990	0
0	1
638	311
33	0
303	370
0	0
1891	2
4535	4
6829	6
617	0
0	0
800	8
1717	4
2301	2
200	0
7	0
578	98
0	98
3047	8
0	0
1234	8
6820	20
4916	0
1812	6
3781	0
7	0
24	0
716	0
27229	14
43512	16
2245	32
0	0
7116	49
14015	12
11317	16
2520	70
49	70
4971	4
34985	26
5097	34
7419	24
3788	2
428	0
1245	0
1340	2
6	0
5568	26
0	16
2939	6
18835	24
5986	6
344	0
5381	20
264253	153
0	0
35	0
0	0
6577	42
6539	12
1739	2
2166	12
1152	4
2375	0
2714	32
1596	10
1443	0
1716	2
5665	18
559	2
4800	6
1298	0
5280	4
1769	60
33	26
1844	2
2499	4
10067	9
616	0
322	0
3492	446
18	444
2372	0
4022	14
1249	6
0	99
958	105
0	0
2462	2
27	0
4818	6
10556	2
0	27041
3320	139973
0	1
1329	0
1806	4
0	0
76	0
394	0
1483	322
2	322
11085	26
1489	2
9898	2
648	0
156	0
709	0
1955	0
1389	0
0	0
10	81222
0	4365
78	0
1455	2
3360	4
997	0
341	2
1824	0
15	0
1675	4
2884	8
2831	12
528	0
145	0
50	0
643	2
301	2
6755	12
15685	54
3267	12
699	0
1214	2
105	0
0	0
16611	4
28876	6
1299	4
948	876
111	876
5969	14
257	0
151	0
1743	1
0	1
8	0
1285	6
1252	0
2557	16
98	406
574	406
525	0
296	2
1516	2
1525	0
4865	4
2011	0
1169	0
2589	0
6578	26
1952	0
8634	4710
13096	21
163	0
350	0
3869	17
0	0
4490	10
756	0
2503	0
1656	10
20138	36
1613	0
744	2
4093	8
3198	4
1845	10
3387	8
881	6
1455	2
14451	39
643	0
583	0
7372	12
0	0
0	0
24	0
4846	12
176	0
0	0
0	285
1896	2028
449	4
1933	6
826	0
2075	6
120	967
247	3249
6991	2816
1280	0
24326	31
5088	8
509	0
0	0
4020	4
19	0
1000	0
2	0
0	0
2549	12
0	0
17798	7
4922	41
280	0
764	0
2549	6
712	2
4775	18
100	0
2544	6
800	0
2460	8
5576	2
1922	403
219	405
12642	3534
31	0
1994	8
4096	8
746	4
0	0
4995	2
0	0
98	0
6417	12
641	0
7	0
2650	8
24616	20
1765	0
2172	8
0	0
19	183
1307	187
344	0
493	0
16563	18
3411	0
21962	24
1108	0
20689	7785
3478	7737
1608	2
87	0
0	5491
1	47933
543	49690
0	5034
0	0
14572	86
2106	0
16	0
0	0
1468	2
990	0
5670	30
1051	8
1210	0
1157	4
8513	20
1359	0
3055	0
2212	10
0	0
714	4
0	0
10535	10
31	29
874	29
7936	6
1135	2
6312	4
0	0
1008	0
260	0
101	0
5697	6
10599	4
8318	38
3022	18
1438	4
0	0
19747	10
0	0
326	475
11237	491
435735	8461
3849	2
1546	0
833	0
4148	12
1330	4
2610	4
5698	34
5111	12
483	0
2712	6
694	0
38585	9
1	0
565	0
139	0
3166	0
3319	10
1269	6
7699	12
3794	2
465	0
184	4
27451	16
849	0
1930	12
4980	8
0	0
6639	22
48	101
1549	103
1925	0
51	79
0	79
1314	0
1797	2
1006	0
196	5
0	5
2551	6
91	1235
10265	1246
154	0
4727	0
1849	0
9099	24
16884	38
1332	0
9	0
2361	4
2808	10
2197	2
25342	6
11	0
2130	19
133	15
100	0
5826	4
10953	60
2299	4
583	2
222	0
226	2
2692	6
1439	12
2811	2
5398	2
72845	1433
2367	0
0	0
450	0
2583	0
3679	4
13	3008
14715	3018
4168	20
1277	0
1617	4
8335	150
589	162
2109	10
3912	4
1068	0
24	0
7313	57
0	31
4788	6
2100	45
33	2
4264	16
3284	0
2533	6
1591	0
949	4
19043	4
7867	94
9463	28
30977	19
1408	6
6785	4
25559	25
849	2
193	0
483	0
483	18
5	14
0	0
123	196
33	39
29	17
5792	343
5	109888
0	7089
0	10769
1233	16209
1	3314
346	2870
0	0
1894	5
71716	3996
2703	3918
1	18
3	0
253	0
150	0
137	0
11	4
18560	11
2438	10
876	0
4	0
1011	2
12687	22
577	5346
12572	6160
45606	173
3417	4
622	828
121	828
3679	16
2240	8
6216	2
5645	8
925	0
3604	18
1008	2
2837	6
0	0
434	0
570	0
9495	14
30	1218
1940	1218
200	0
3146	2
5536	2
0	0
20826	14
1212	4
3016	4
365	2
5690	8
1292	8
841	2
0	0
13	337
297	1718
3074	10
9830	67
413	47
503	0
9	0
2944	0
3541	6
118	298
1797	326
7845	1105
1759	2
158	0
531	2
2920	4
2539	6
5365	5
5183	6
0	0
2887	20
14680	4
12	0
2217	0
3947	12
29216	6
1090	2
1981	0
2564	0
118	0
0	0
0	0
77	4
2933	2
2073	0
16884	44
25539	6
8872	8
0	0
6002	6
50	1
116	1
0	0
7250	20
3367	0
14313	8
8301	2
16753	30
9651	23
8	1
1026	4
2603	0
2628	10
6827	8
76	1
5	1
1566	0
1930	0
449	0
1568	0
3911	8
323	0
10266	18
11910	2
2112	2
2374	0
41156	108
987	15
211	11
1565	16
1751	4
1352	4
1034	6
3332	4
2	0
5961	12
1	0
914	0
3383	2
0	28746
0	3904
0	4670
0	2142
1	28747
0	3904
0	4671
1666	2834
6	692
6942	4
1005	2
355	0
2046	30
1366	0
1420	0
3243	18
420	498
18204	500
2094	4
2939	6
2062	2
10386	2
2910	0
1	478
2496	610
235	130
5572	2
0	0
272	19
3799	33
850	0
5282	49
0	5
0	0
5970	16
624	0
2966	4
8688	40
3325	10
4270	12
1	0
4959	35
3184	4
5869	8
4204	10
3766	6
1307	0
1922	4
0	0
171	0
3567	4
16303	107
947	4
2209	10
3227	4
34	0
17099	46
19	0
618	34
2508	6
7065	6
11375	24
955	0
1100	2
5137	2
3480	10
1357	0
272	0
1314	2
4556	4
7063	4
513	0
3042	13
2298	0
2225	4
1765	2
2102	0
2756	0
390	0
3876	10
1002	0
2685	2
1309	6
1014	0
1197	0
9980	8
769	2
0	0
0	0
3	0
1134	10
4020	0
1325	0
19	0
2484	18
111	11
13421	6
1061	10
5037	2
1037	3
8130	43
2873	0
1618	584
1	580
539	0
253	0
3	0
571	4
126	0
17086	223
4141	4
12953	24
533	0
800	2
0	0
0	3
12553	65
1268	0
1061	0
3493	0
1507	6
1462	0
1617	16
248	2
3907	16
1475	2
0	0
514	0
107	0
5115	12
1095	12
373	0
4257	10
2706	8
5914	4
2833	8
9758	319
16	271
1575	0
765	2
1638	2
2069	0
8216	30
978	2
1816	2
76	0
376458	1540
10387	10
31	0
601	6
965	4
1677	4
27986	21
232	0
1	0
0	0
0	0
1827	2
1396	4
42	1321
14020	1413
165	0
10	0
0	0
4238	14
2008	0
12295	40
718	0
7781	12
465	0
2716	2
16832	0
40	312
1934	318
2435	2
3347	6
2055	4
796	2
3307	4
102	0
5739	4
4537	4
759	0
22482	1456
3769	6
4238	4
2415	2
1907	8
12986	8
483	0
201	0
1212	102
0	23
0	25
0	180
14	0
17	2
148	150
85	121
1204	63744
0	5066
0	14
32	16
9106	19869
5710	77
6	0
4	16257
1	3181
155	29055
0	8079
776	28928
0	2905
0	17
0	1
0	0
163	5836
0	318
0	32
71	292
176	0
1435	0
355	0
51	0
516	0
493	6
2391	4
444	113
1162	113
1309	6
2588	11
5389	20
725	2
72	0
1065	8
883	100
203	100
1913	2
2517	4
0	0
447	0
8214	4
4000	40
0	38
7844	100
73	232
513	232
1225	0
7037	11
4171	13
28998	18
1835	1583
1301	1607
3659	19
8257	2
391	4
910	14
5369	14
6	2
1399	8
1361	8
253	0
6005	40
18548	4
3919	1068
142	1048
7979	0
1442	0
6736	0
3678	2
405	6
135	171
5534	217
14489	8
1014	2
3787	12
967	2
1077	2
823	6
0	1
149	2
136	0
41407	321
21494	14
4299	12
25	0
2087	2
1269	0
3929	10
51158	32
366	115
4212	115
7	0
1568	0
96	0
56	0
2153	10
722	0
2053	4
3434	50
460	2
5135	6
154	150
4696	154
3295	32
1958	8
8541	14853
820	16
0	0
11195	0
0	0
4795	4
1851	2
1529	4
1434	0
1230	8
21523	9
8135	8
3782	4
31	0
14	0
2082	0
604	0
2179	0
2613	10
11296	103
3088	0
4590	0
43	0
29	211
836	211
13646	22
977	0
7046	10
0	0
30	56
380	903
0	0
2742	6
12407	22
1732	4
6440	14
244	0
165	0
299	0
604	0
3126	2
1465	0
220	0
814	2
0	0
2875	0
1296	10
946	4
3678	18
2553	4
606	0
3666	2
4560	2
3795	12
4685	26
4374	18
1820	4
111	0
378	0
1749	6
7	0
1262	8
2286	4
1553	2
3467	6
3238	2
15366	30
8443	4
17603	6
1	0
476	11
0	1
8351	124
91	96
1915	0
3993	14
621	0
1016	6
1121	4
4450	8
2922	0
6	129
855	131
334	675
31	675
2109	2
892	0
5926	6
2371	4
2077	6
1186	2
508	0
892	4
8478	2
10962	2
3753	4
1901	2
1	0
18288	604
3378	10
9862	36
1662	0
1898	0
5	0
0	0
828	4
784	2
0	0
0	0
0	0
361	0
2388	2
73	0
11160	28
7908	102
5961	8
0	0
0	0
245	0
25	0
0	0
1228	8
1173	0
48309	31
5345	44
9	117
1670	121
746	0
2227	4
0	0
7	0
2	0
5105	273
0	269
907	0
1179	0
0	0
518	39
1	37
9298	469
1	438
2930	19
2359	22
36	4
9223	10
1202	4
26699	24
709	0
0	0
0	0
2765	6
180	190
9977	195
11	0
0	0
443	10
0	0
7380	14
2038	12
271	2
15213	56
5980	0
9435	42
7161	26
1744	4
1216	0
1998	6
50	0
2527	4
3787	6
1773	3
88154	8648
1022	0
173	0
1136	0
788	0
3082	8
3352	18
10573	24
12451	8
3175	1623
488	1623
1007	108
41	108
2748	0
198	350
31	352
1890	2
2984	20
0	22505
2349	100215
0	18828
472	131917
1802	4
3160	2
2228	18
2198	6
300	0
1987	4
637	31
90	33
42	3
1592	3
4882	4
1845	10
3003	8
1235	2
0	0
1708	0
31907	12
2836	0
0	0
251	0
478	0
4130	2
776	8
3621	12
0	0
1416	12
944	0
1420	0
0	0
825	0
0	0
708	2
0	0
1451	2
966	0
7587	8
2903	4
1083	6
1469	4
914	0
6301	2
5572	2
6458	18
771	0
2137	6
2139	2
5079	186
897	238
4708	14
90900	59
3645	0
9218	58
7873	14
6742	4
1219	0
0	28
2339	28
295	0
1031	6
1820	0
1541	0
556	2
316	137
1641	137
2163	4
2940	2
5539	0
8898	24
1961	0
172	0
16249	4
35	0
1204	0
203	0
848	0
596	0
1314	2
0	0
1027	4
501	2
3694	2
39723	10
27125	10
1979	2
1133	4
15	0
8858	2
2038	4
1199	4
1072	4
141	0
1031	1030
312	1030
398	2
1289	2
4427	24
1873	4
622	2
8	0
15916	12
1400	6
72263	16
2278	0
4328	14
6545	2
12823	32
268	13
88	0
1165	0
2038	2
2532	2
3078	4
2954	0
3595	6
286	0
750	0
757	0
1600	2
3317	8
10051	10
2406	16
0	4
722	0
2313	12
14996	27
3626	2
42180	1480
24	0
2756	2
2983	8
457	0
28	0
939	393
0	0
765	4
701	2
508	0
893	0
114	17
7	0
2	397
29	346
37	1159
617	861
0	0
0	0
0	6
0	1
995	4
128	0
3706	7
1641	8
1459	2
579	0
12214	42
2897	2
633	0
4444	6
7702	38
4245	2
42	0
15432	42
17128	62
0	0
612	0
7657	8
1331	0
2146	0
5467	50
5973	8
247	735
2651	725
3652	8
2076	12
0	0
5971	28
5242	34
914	0
1103	2
1889	0
3594	14
3940	0
0	0
699	0
840	0
585	0
3336	7
5127	6
5161	8
2	0
1070	2
54366	123
8387	6
31481	16
2958	6
267	5
0	5
6195	24
41201	76
3032	8
2826	10
15932	125
2158	2
170	525
46	525
2362	0
1105	8
2122	0
4	0
7439	22
0	1
11065	62
374	0
1	0
265	0
500	0
5801	76
862	2
6742	16
5351	175
1	173
1978	10
2733	6
0	0
5298	28495
128767	28552
3685	0
2559	0
1193	16
710	0
101	525
3878	529
14126	29
0	10
938	0
6659	52
1655	2
741	2
2849	12
1423	12
356	0
883	2
352	2
62	181
2070	185
1007	4
905	4
399	207
104	203
471	0
3740	30
4758	0
0	0
5400	6
4646	10
3113	0
1498	294
88	288
1800	12
1182	2
2954	0
696	7
25	1
0	0
8134	18
1211	2
87	2
2502	4
4472	22
4055	169
100	165
1473	0
3501	6
969	0
167	0
0	0
2152	2
4535	21
6701	4
3379	6
8	0
10509	84
4825	7
0	3
1575	2
2630	0
9	0
3	0
30645	16
1919	0
629	2
4469	2
433	0
2277	6
991	0
652	2
1416	25
4428	12
1701	6
51	0
3667	4
1138	2
980	8751
12779	8800
34952	44
0	0
8029	39
1553	8
1575	4
9460	14
149	215
1222	217
2400	10
11301	52
1273	0
0	0
541	0
498	0
1523	0
0	0
717	0
5308	2
0	0
2352	8
243	6
11	0
4349	0
3942	10
910	0
3373	10
553	0
364630	128
2173	0
3841	2
3396	2
23548	2
332	0
12218	24
276	2
153	248
3292	248
2890	26
1254	9
959	0
1535	2
1531	6
13895	6
1812	4
283	4
3206	0
1035	0
1763	2
1051	0
9273	20
1	0
3628	6
177	3
54	3
7819	6
3553	2
2138	0
1406	2
0	0
5372	10
54	2
1068	1054
13917	1052
4990	14
3874	2
106	0
2025	2
1418	2
449	2
2951	13
2319	4
5795	2
2691	0
2686	0
876	0
958	0
971	0
1809	2
1960	2
5575	4
2138	0
2540	6
770	2
4605	6
7137	4
6816	56
2333	0
488	0
1	0
23923	1105
2568	4
6873	22
897	0
3834	36
254	2
7852	34
2632	12
1679	8
1650	12
280	0
2118	6
2603	443
3815	4
1077	2
0	0
3225	0
972	8
725	126
7116	128
4184	6
601	2
2254	26
781	2
5583	22
1200	0
1028	2
2544	10
1536	0
2336	30
2917	0
3381	0
2707	8
0	0
1692	0
6650	8
2298	6
2217	6
6525	26
0	0
2	34
28	34
341	2731
14	2731
2483	8
942	0
3518	18
0	0
8193	8
0	0
51	131
161	131
40499	16
19047	14
2048	0
917	2
3779	0
629	449
13372	451
603	0
2746	4
1473	4
1581	0
1287	2
9884	14
818	0
4802	10
17912	2
1297	0
7183	14847
1512	16
1025	4
572	8
1583	4
2768	0
1911	0
1699	0
2422	6
3314	6
2513	8
909	0
1995	4
1427	4
4831	144
8	0
0	0
1435	0
886	58
0	56
1074	4
834	4
1278	2
2487	4
6874	20
4743	0
4182	6
269	0
3596	4
1781	2
2498	8
1414	4
4589	4
5414	16
2381	0
338	0
4358	14
2032	5
13670	9
8605	36
461	0
4247	10
212	0
1019	2
2005	6
2416	22
684	8
643	32
950	4
184	0
600	176
451	61
56	77605
0	8350
0	0
536	76411
0	8347
0	0
0	131
595	0
190	0
710	0
547	0
79	0
1542	4
348	0
428	0
654	4
855	4
201	0
352	0
9066	14
9092	24
512	0
17888	24
7	15
9	15
14983	28750
3092	28741
11948	16
68	0
529	2
10032	10
2629	169
2457	0
124	40
2920	48
1661	6
5062	20
197	0
1198	0
9082	24
1	0
11261	34
8552	10
1637	0
5543	6
0	0
48	0
20533	13315
6643	6
3353	4
11213	26
52	3
3681	7
0	0
366	0
16121	8
107	0
1630	14
7495	42
1739	0
2282	10
2879	2
3605	4
3212	10
186	0
9565	10
538	0
2	0
975	8
1552	0
945	0
2439	10
908	2
2897	2
3107	4
3558	2
1371	18
520	0
2277	2
2301	6
1332	0
1307	0
1954	0
545	0
0	0
498	0
0	0
2	0
1157	10
1914	8
1039	2
2997	2
4319	2
7404	4
5621	20
952	0
2014	4
3546	4
3233	10
3424	0
2450	8
14721	35
2456	2
13908	6
46466	252
204	4
125	0
1835	0
2976	4
13771	8
1719	12
0	0
134	42438
881	8
42	0
172	0
2351	10
518	43
341	35
158	0
4647	2
206927	113
3955	16
1056	0
1978	0
26182	4
841	0
1343	0
2446	2
1647	8
37	0
174	0
5021	4
18634	12
2973	12
55378	32
3523	4
13803	2
6025	12232
450	12232
1291	2
1523	6
3882	4
1671	6
1430	2
3896	8
3879	16
446	0
3978	4
3680	2
538	0
2941	2
30946	14542
418	14529
2632	6
1648	4
3332	8
860	0
397	0
751	2
10039	20
3399	4
1122	0
4450	28
7016	26
5235	6
2391	4
2738	6
1071	2
1214	0
2019	2
2283	4
6173	26
4229	4
972	16
1344	0
2082	6
487	0
7039	552
236	550
1078	0
1147	0
2360	0
1607	6
3	0
28411	63
1289	2
22	0
622	0
34785	14
92344	53
35	0
291	0
6326	6
0	0
8106	30
2480	8
3026	2
2688	4
2150	0
553	6
4899	4
1	0
3811	34
31	10
56	10
40	0
52	0
2269	2
1721	4
737	2
6630	23
8245	2
5300	18
1729	0
6516	14
1339	3
1482	6
8740	12
1387	6
15086	10
1171	4
175	8
933	6
351	0
0	0
1614	20
1334	4
849	2
1460	0
228	0
932	0
1656	0
716	0
0	0
45172	28
890	2
1482	2
17330	22
290	0
0	0
0	293322
0	444130
13	2210
8	987
138	38648
0	1900
180	1041
19	4
0	148897
0	187
0	293313
0	444080
0	698
0	1900
0	148856
0	184
0	125
0	17286
0	277
0	184
0	125
0	17287
0	58
48	157716
1	23414
0	21
0	184
0	125
0	17288
0	277
0	184
0	125
0	17288
0	277
0	187
3	6
4	6
2572	3
0	1
145	0
792	4
2124	4
35788	42
2896	6
315	1
314	367
323	366
4893	2
2846	0
625	0
17763	20
1337	4
2698	4
1145	4
6061	2
18389	32
3125	0
3486	16
1272	4
1	0
8732	2
4703	28
1982	24
3565	8
5036	8
2819	24
2892	4
13736	120
463	4
2830	2
3255	2
8397	18
14445	879
942	848
1545	4
1104	0
1030	1
15	1
4705	24
2313	18
3596	4
7537	6
4869	8
4263	12
2255	2
835	4
946	2
3220	4
955	6
10013	20
1155	0
3426	729
231	725
1065	0
6045	14
1526	4
2995	139
4123	0
24	0
13199	69
2672	2
7686	2
1223	6
984	4
0	0
0	22502
2017	91863
2208	0
5101	460
282	460
0	0
2692	533
149	531
733	4
937	4
36	2
26	0
3456	4
1372	4
1074	0
1369	4
6784	12
595	0
1899	4
7456	2
932	3
1483	4
0	0
3129	8
12833	16
86389	69
5319	2
375	4
113	4
3852	2
1031	2
68	0
15781	32
194	21764
0	0
5648	22
3559	16
18782	8
1158	6
5	462
1339	470
2059	2
887	2
2191	0
21	0
1079	0
1739	4
594	2
761	0
41	2
1496	2
556	0
1973	2
0	0
261	0
2002	0
210	0
5222	10
2370	10
7129	22
79	28
5	144
422	144
20	68
410	68
451	2
2344	4
4	0
58022	151
0	109
849	0
5229	56
979	2
860	0
1330	0
3438	6
1560	10
21547	20
266	4
619	0
1	0
992	0
1460	0
6785	10
0	0
65656	50
4641	2
0	0
0	0
0	0
0	0
9376	6
6038	22
582	0
70	0
1	0
9	0
6594	50
6439	16
40	8
182	0
1332	0
811	2
9811	10
145	0
1477	770
7	768
800	0
2680	6
1891	14
1780	173
85	173
830	0
3733	4
8535	100
878	0
43	0
0	0
1598	6
138	0
11017	27
0	98
1455	100
0	0
1	0
0	0
0	0
8110	2
8	0
0	1
8601	70
3434	2
3955	1546
250	1529
16424	15971
22758	15981
241	0
49639	40
8	0
1863	2
0	0
10029	8
985	0
39	0
3098	15
0	9
6604	3166
814	3162
4065	4
3817	12
2554	8
3299	4
14505	6
29074	24
517	0
4157	1052
59	1046
30143	20
1094	0
3165	2
1137	7
1356	2
400	0
571	10
69	0
13	0
0	0
1	0
5816	8
1408	4
1095	0
1729	2
2943	2
5642	20
12278	14
3394	6
431	158
5153	164
533	4
204	0
0	0
15163	612
974	594
6435	0
1163	0
2524	10
3018	14
7751	10
103	0
2484	4
2513	0
1283	0
361	0
4733	42
471	0
19589	18
754	0
476	0
803	0
176	0
1216	0
4281	2
5382	10
8933	53
0	7
160	0
6311	41
43	0
2693	12
825	4
2483	0
21279	0
0	0
1765	0
155	0
6039	6
7535	8
0	3917
251	40269
301	2
1510	8
7	5
10616	2
3104	14
25	2
90	0
1702	3
2236	8
3303	10
0	0
5318	16
2936	2
3368	8
637	6
687	4
0	0
2321	2
2888	4
2623	2
346	517
8962	549
9090	6
1062	0
19457	55
2354	0
31	0
1844	20
5155	4
1552	0
175	72
2131	72
1316	0
1590	0
3131	11
21170	12
2153	8
1457	160
71	158
9	0
499	0
6920	4
17189	15
9478	64
7521	17
2633	6
2551	12
421	0
7615	38
0	0
1729	32
495	2
810	254
30	250
2217	6
276	2
9	3
62	489
2	508
3	1016
6	217
856	97636
0	11295
2	0
1	111461
0	11263
1131	78755
0	8035
0	7094
3	5831
435	0
10429	21
333	0
1775	4
4125	24
9906	42
11633	4
12340	46
87395	64
56	0
1935	2
1832	0
2116	2
502	0
8041	36
184	26
4487	0
4662	0
3036	2
1569	4
765	0
3079	4
4999	0
1959	2
209	0
777	4
8668	41
2696	0
3029	6
4874	25
131	0
3067	78
16	74
511	0
3	0
3678	8
204	10
2502	10
1746	0
1815	0
1916	4
306	0
102	235
763	237
8913	16
4538	2
1040	4
73	0
2	0
3781	8
380	0
5457	2
11346	6
1	0
196	0
3567	16
113	0
4016	10
1556	2
2048	0
4504	2
847	0
2774	0
8714	22
20344	131
16614	3
27820	188
3517	12
0	0
4823	3
7009	8
1041	2
5386	10
204	0
3595	22
1841	2
37877	20
2973	2
2775	4
861	0
6799	4
54	0
3851	0
350	102
3408	106
10440	49
0	0
1309	13
713	0
7	0
0	0
2174	8
7223	6
3117	2
336	0
3798	4
11474	8
1	0
5	0
1363	2
0	0
0	4361
2	89467
2100	14
381	0
975	0
0	0
1	22496
12	159873
4947	6
521	2
578	0
3790	8
1439	1456
7751	1486
2437	0
282	883
9902	931
846	2
2868	2
15342	8
1448	0
22121	6
2523	2
27248	9
2038	0
2431	0
1945	2
1633	12
2846	6
3737	10
4861	22
4338	18
2732	6
2943	0
3981	315
3	305
16552	8
375	0
9856	2128
159	2437
321	709
517	2
15061	10
0	0
4882	18
2033	4
0	0
879	4
2934	12
278	2
1106	4
2206	4
4391	10
33	0
5385	6
902	17
2785	4
2662	34
10270	14
80	0
9582	2
896	0
2515	2
8391	6
0	1
9684	22
1414	26
0	26
0	0
4	0
3	0
0	0
0	0
0	0
0	0
4	0
5240	58
5141	4
3782	10
59	0
202	0
2869	2
1714	24
918	0
1577	4
700	0
0	0
2127	2
200	0
1624	10
5371	2
1025	2
2440	2
1571	6
10610	34
8	0
3437	6
11	2
3798	40
426	0
1081	0
1055	2
3187	4
3829	4
3757	2
74	0
642	0
0	0
1239	2
6931	16
2699	10
3678	47519
16	5992
0	10
0	0
8725	14
742	2
10109	38
0	0
211	70158
0	5237
0	0
724	4
104	14
944	2
11158	4
659	14
1063	0
22	0
113112	104
412	0
1564	0
2515	2
4459	23
602	2
2759	23
875	8
1620	6
1556	0
747	10
418	0
7132	9
3000	2
3764	8
330	2
4337	0
2516	132
24	120
2783	14
0	0
1051	10
2361	0
5179	2
6225	17
555	0
3	0
16845	12
166	0
746	4
7041	50
163	6
1013	2
5000	14
7242	20
1261	0
4793	12
3545	2
2775	0
540	0
703	2
4389	0
817	2
1372	6
0	0
4403	0
2008	6
64	0
2981	6
120	0
1118	4
1804	2
68	0
953	0
0	0
64	0
7960	12
7775	24
1618	6
938	0
507	0
1666	0
1271	2
1261	2
36827	8
2	0
956	0
233	0
0	0
3174	91
186	79
55130	27
1799	280
111	0
4361	0
1482	0
4256	4
6070	8
901	4
537	6
10947	18
9186	14
942	4
8888	8
507	0
486	2
1929	4
6105	43
302	39
5688	35
823	0
691	0
1024	0
2266	0
73	0
21637	8
245	0
20242	3
1022	0
8202	4
16839	0
1696	0
807	0
6990	0
960	0
113	0
2168	8
2288	92
88	92
698	0
1813	2
459	0
1477	2
628	0
0	0
2	0
0	44
100	44
1390	9
2280	0
5562	16
873	2
0	0
1732	6
2380	2
1038	0
1307	8
1187	0
513	160
864	164
6774	12
2134	161
71	159
3397	5023
485	5001
160	0
20	0
3	0
2671	21
1155	0
1919	8
1495	4
915	0
1223	0
1542	0
0	0
1780	16
2935	4
1053	0
1546	0
30141	96
603	2
1366	4
12100	19
3330	4
2677	2
1345	0
1295	4
1032	4
5747	33
582	0
57	0
27	0
993	0
1654	18
1075	0
1803	6
2827	6
3091	0
1449	0
5	0
12368	8
5770	4
1276	0
21116	12
127	0
5352	34
4438	2
3234	0
2220	6
1452	4
4915	6
2458	40
11839	16
17383	10
4500	8
21645	28
2210	10
8837	44
5765	23
4058	0
1311	0
737	0
1212	0
950	6
9342	14
4520	4
656	0
11499	62
5333	0
1	0
1836	0
296	4
1007	0
1817	0
4994	2
3554	2
3628	4
9759	8
0	0
1739	4
1492	0
4690	8
21441	6
0	0
14108	24
159	0
457	949
878	949
22648	62
7103	16
2331	16
0	0
3	0
1324	4
2263	0
942	0
557	0
2364	2
89	0
4688	32
124	0
707	0
1498	0
3106	12
10560	4
3332	4
1075	0
5076	10
3959	0
2218	8
15166	80
1137	0
609	2
2745	41
1571	8
476	0
0	0
6169	24
0	4
0	0
5788	140
835	4
3353	16
10028	12
4926	16
1805	8
1246	2
997	0
941	2
1418	0
1201	2
0	0
764	2
3080	8
590	4
1843	12
1655	4
1988	4
9867	215
236	199
4116	10
2365	16
557	2
1169	12
447	661
3593	661
11462	4
44116	20
3009	0
3376	0
14615	10
3783	12
4787	6
949	24344
2785	0
1319	0
19371	8
1898	84
3	78
96466	564
3	399
7041	8
5194	6
1383	26
5819	28
798	0
4319	0
4730	8
3356	22
0	0
988	13
67	13
25	29
3348	100
8614	14
29050	96
93	0
92	233
3	26
19	49
0	0
0	0
0	0
13	103465
0	8036
0	7081
0	0
0	0
1429	2488
90	210
230	205
396	953
25	13
661	1
4599	14
3075	8
328	0
22853	71
888	0
761	101
18	99
5519	6
9772	4
4777	0
968	0
1	6
19	6
1681	0
720	2
2020	4
772	0
3599	8
3772	0
1820	4
626	0
1314	0
17245	42
8443	30
3203	0
1683	0
1132	2
8	0
44866	79
6325	165
1429	0
2069	6
3210	20
3387	157
5	137
1181	2
3385	12
1636	8
2536	8
3126	4
2526	0
1851	2
3	0
2016	0
8693	12
913	6
5	0
0	0
2594	59100
10	2117
0	0
2851	4
0	0
5727	10
1262	0
1007	0
7011	6
591	2
2226	0
6	0
608	43
8	43
1520	4
584	2
1977	6
2847	20
13602	64
432	0
27	0
16426	56
4359	6
9	350
1479	354
1530	2
4446	0
9324	48
1325	0
576	0
1326	0
3700	4
6073	18
8056	18
10105	0
3791	60
1783	0
1673	4
6826	12
1271	2
607	0
5138	6
10221	20
4900	16
1676	24
4536	3
10523	18
1859	0
8763	34
2433	4
8119	12
9428	20
2566	2
2249	114
74	108
1214	0
2662	12
2430	20
10800	36
1702	12
2811	10
40	1008
1835	1111
114	90
1082	6
2120	0
1345	0
268	0
1162	0
4656	2
11926	10
6231	8
1123	2
8617	4
5465	2
3717	8
463	0
1081	10
3032	18
163	0
421	0
42745	22353
22737	10
1850	2
2671	4
26	12
567	14
79	189
310	193
3454	6
1324	0
3009	6
15	0
4556	8
162	0
128	0
128	0
1245	2
7906	34
416	4
2446	7
5452	8
1661	18
784	0
6675	32
1134	4
131	2
1507	4
2190	2
2478	0
2609	2
380	20
34139	8
2002	4
2952	0
4725	3681
355	3663
3063	16
3827	39
121	27
1231	616
18715	670
1636	32
1940	4
4871	2
843	0
986	2
6330	8
122	2
10906	211
5040	8
5251	0
2252	0
1552	4
2229	0
2203	0
1341	6
5776	4
2837	0
1355	0
4192	8
872	1080
3783	1080
1164	0
847	0
8	0
27	0
501	0
884	0
0	0
35	2
5486	2
3766	6
8	819
4132	825
548	0
6882	18
2606	8
5368	53
9009	8
4990	40
735	8
0	0
7471	8
2645	0
10576	24
2	0
859	8
292	0
2028	2
1880	0
1645	11
3296	18
6496	12
295	0
7239	2
5	399
588	401
6680	22
363	0
1804	2
4216	0
809	1183
757	1181
24130	16
268	0
3718	6
54	491
951	491
965	0
1450	56
69	56
9344	2
0	0
6671	121
5211	8
6261	26
1360	0
2227	0
8047	4
7	0
1977	153
2	143
0	0
8118	3
2764	9
4055	16
67	0
274	2
14091	43
515	758
51	758
6965	88
19041	58
194	0
6459	4
3023	8
1263	16
1197	0
1104	2
2281	13
19689	20
2764	0
1216	0
2220	6
2583	4
3114	12
2896	2
1059	2
15840	2
143	0
27418	6
4358	6
0	0
0	0
9044	30
12030	8
15872	16
11546	2
592	0
2338	14
10288	6
4923	18
1743	804
190	800
1667	0
7393	8
0	0
13	2292
2182	42554
3640	12
1497	0
1322	0
845	0
2237	16
3323	16
4317	12
2123	2
1084	10
2632	6
3410	766
190	766
0	0
9	0
1180	2
1775	20
1794	8
3936	18
2050	4
7186	4
656	0
0	0
0	0
1431	0
0	0
246	25
155	344
2114	0
37187	34
25052	29
1841	6
11	0
1794	0
2649	8
873	0
224	2
0	0
268	0
1349	2
3268	14
2252	8
2442	4
1721	6
95	344
261	25
7	0
0	0
12302	6
569	0
1292	51
14	57
444	0
752	2
5014	21
426	0
2665	48
9934	20
1476	0
3459	18
9482	6
1556	4
5855	30
2040	12
3855	6
0	0
0	0
0	0
370	0
1868	5
0	1
159	0
49	404
2258	404
1295	0
8187	6
1223	0
226	0
3262	10
1491	0
8304	4
354	0
2543	2
49431	38
5014	2
6555	10
6797	8
1449	28
11389	44
802	2
1390	0
2195	476
579	508
2505	0
2858	4
3797	0
2056	2
4216	2
4131	14
1432	2
204	0
3637	6
630	0
44	0
4176	0
3712	5
1192	0
2412	0
2755	2
899	2
1704	984
30	982
6102	2
2935	0
1778	4
1153	0
2195	2
1331	2
1169	0
2624	0
68	0
11246	28
3379	0
9021	34
85	0
3363	6
0	0
4557	2
2476	14
519	0
564	0
1312	0
1115	6
1797	2
299	0
491	0
279	0
2149	408
472	0
14547	8
272	0
534	2
1320	4
104	0
279	12
58	27
1222	2
1269	8
0	0
0	131
0	0
0	0
1	0
3	0
8	0
2069	0
114	0
21	0
2	5
6	0
84	0
273	0
30406	18
256	66
471	298
23	0
39917	591
86859	78
2945	0
396	2
1798	103
9	89
4875	0
1625	0
834	4
531	0
6359	26
2835	6
6604	6
2187	10
664	0
822	2
8056	0
3021	16
1947	8
2426	24
960	0
300	170
992	170
273	0
4	0
6145	4
3275	8
451	2
22225	0
5473	0
2389	4
3057	16
8752	24
4467	0
32943	51
32211	179
2356	4
88	0
812	2
944	0
3347	12
222	0
1881	2
3206	38
1708	0
719	0
16853	120
0	0
2199	14
1421	4
69	0
0	0
1751	0
630	0
0	20849
55	161102
9997	30
1562	0
774	0
1784	281
23	265
4424	8
0	0
2	0
8024	4
857	0
904	4
953	0
2030	2
6621	3
226	0
2027	0
1519	4
1869	4
5140	12
732	0
183142	24462
16	0
51	0
339	0
525	7
0	1
1956	0
9723	26
996	336
160	326
2044	6
381	0
5391	2
2558	4
1972	0
1771	0
974	0
1261	4
4945	14
957	0
3774	20
1197	0
1846	0
1236	2
2078	0
2208	6
3068	4
6199	6
9175	14
9229	6
3591	4
3899	2
1898	0
1068	0
0	0
0	0
2036	4
718	0
25	0
2402	2
262	0
6040	122
0	108
3330	8
957	6
545	2
44	461
2645	467
398	6
965	2
1467	0
2989	10
37196	10
11501	6
0	0
5339	10
48	238
4126	305
80	57
2	0
2454	8
917	0
549	0
4661	12
18139	12
1237	4
1690	0
5480	26
1207	0
0	0
597	2
16	0
1301	10
2567	6
0	0
6102	0
6893	8
0	0
0	0
7983	8
2792	0
1325	2
3802	0
666	0
179	0
0	0
9	0
0	0
2394	4
1108	0
6051	0
2267	2
570	0
858	0
2702	0
7177	18
1451	0
8938	18
2143	20
5698	14
635	0
3281	9
5818	32
1194	0
1800	10
1145	0
3112	8
12641	31
0	0
7143	2
113	0
1	0
669	43
127	0
2321	6
0	0
1	0
189	65
199	65
3822	4
484	0
1231	0
1516	0
1416	0
709	0
1119	0
674	12
4906	2
835	6
4244	2
0	0
3084	8
1666	0
9312	2
365	8
1	0
1922	8
97	0
461	2
10	0
1700	4
2743	2
10	0
2137	0
2732	0
720	0
1835	6
2207	4
1026	6
217	0
652	778
7567	788
0	0
5357	6
655	0
1356	0
6917	21
2866	2
7007	2
1395	4
237	0
3724	22
1137	0
25	934
2726	1212
31	260
4967	46
1852	14
1904	6
0	0
1936	8
670	0
4112	20
668	4
93457	68
874	2
1442	0
2326	8
3884	8
2563	376
1	372
1776	0
2653	4
72	0
30	0
0	0
1	0
1577	8
3298	185
129	183
711	2
1057	2
712	2
2831	18
1587	2
1940	10
2831	8
105	21
1926	19
2034	0
5298	4
13535	46
0	0
3560	12
3009	0
2583	8
4145	20
6158	14
2449	4
1196	0
2471	2
16703	5
1139	4
6883	28
12571	14
97	0
4050	26
132	351
990	351
2517	363
131	355
1030	0
3041	2
4635	56
0	56
4628	12
1523	8
687	0
1726	4
2179	4
380	4
1201	2
6697	2
7995	8
2107	8
2826	4
636	37
6	35
6220	2
6366	24
4221	30
956	0
545	0
3631	4
19808	8
1142	8
1092	0
0	0
1881	10
1770	2
11501	62126
283	0
1329	648
7899	658
1965	2
3786	4
24	171
4080	173
4053	4
5860	40
0	0
1	4768
243	59809
541	0
826	2
4664	2284
143	2283
2001	2
1623	80
1639	4
1158	8
11735	52
254	0
61990	89
2122	0
3249	0
1572	2
4961	4
2253	4
675	0
1846	0
1626	82
0	0
1	82
0	0
1616	6
2021	2
2712	0
4805	4
1393	0
8718	0
9203	254
281	246
104	6
2728	16
2691	4
1012	0
967	0
9801	14
2023	6
0	0
177	2
1483	2
549	2
456	4
6600	12
7309	80
30	0
11966	16
29	0
3097	8
30	0
0	0
10057	4
4568	10
838	4
585	0
6346	32
452	0
28	0
2216	34218
5	3377
0	0
457	0
6124	58
3516	0
1676	0
7988	8
9024	18
20	0
235	471
3077	483
2308	4
37	0
8702	4
1544	2
7819	36
5423	10
1192	4
5135	4
2190	4
3094	0
5804	8
1089	0
18	0
984	4
2510	50
4051	375
6	365
4972	22
1068	2
1214	0
4850	14
304	0
1083	8
2896	2
443	11
4351	7
4977	8
391	0
1481	0
5610	4
2391	22
0	16
2399	0
4021	10
7691	2
3	0
564	0
2147	8
196	0
919	4
16363	180
3203	4
92	0
7474	12
1449	4
1965	18
6398	6
13129	1996
32	1970
869	0
1211	0
4166	4
3056	2
2952	24
19138	36
5	0
3472	6
1879	4
366	2
5855	12
4497	2
3961	6
1752	0
315	121
1633	131
1583	0
560	0
11250	41
47	0
929	4
17647	20
7419	2
354	0
4250	2
12877	6
1934	4
2124	6
3335	945
18	943
320	0
352	4
572	0
458	0
1146	2
2775	22
43	22
2227	4
538	0
5586	6
1702	6
827	2
1463	12
848	0
0	0
11306	26
4453	0
1024	0
18010	0
1	0
3021	0
442	6
1433	4
588	4
320	6
4686	0
3610	5
16	1
1552	6
0	0
5325	27
4879	22
486	0
1876	0
3233	10
1948	6
2710	53
1136	527
13239	523
4911	2
15676	10
216	4
49	0
0	0
4089	50
11665	6
5	0
15335	44
42	0
757	2
3714	0
4522	10
5067	12
7645	0
1363	372
16	370
12337	58
1536	0
1521	4
3802	8
1	0
5935	8
5583	7031
6376	7032
30	113
638	113
12345	48
0	4
6078	14
2102	4
477	0
127	0
4135	12
10959	22
2246	2
69	0
2	2798
1316	32877
0	0
6451	29
0	0
13	282
3710	320
1458	0
501	0
1036	4
1141	2
129	0
599	2
1832	0
2317	0
2524	28
1453	2
1246	0
1263	0
1763	2
2193	0
12432	22
7782	74
1985	6
27	35
483	45
5	8
1024	4
814	2
15708	4
6510	6
2478	4
2095	4
2156	17
2720	10
21859	6
5	0
34	0
1459	12
991	22
0	18
977	6
3058	11
2	0
20432	6
23333	15
3396	10
998	2
902	6
176	0
28	279
1806	194
239	452
7	22
5	0
0	201
0	3
0	0
0	111443
0	11259
11	109656
0	10709
0	7087
0	3
1	202
0	35
193	452
31	32
906	162
39	126
118	153
7150	4
4514	238
387	2
2728	0
3501	12
1465	4
2522	6
709	2
3558	12
9687	6
616	0
5626	6
7309	4
1	0
2971	10
2167	4
642	0
0	0
1	23390
37	160369
226	0
4006	28
1587	0
1327	4
919	4
880	562
301	560
1346	0
6034	23604
96	23602
2440	2
1098	0
2184	4
6945	42
1751	2
4340	14
4291	8
4727	10
1299	2
2675	26
2511	2
3461	5209
9784	5205
698	0
5276	18
4770	12
1083	0
4922	0
87210	45
1007	2
1090	0
1518	0
2729	0
15803	16
2714	6
2359	4
166	0
2552	108
0	104
10067	2
14717	5877
604	0
9445	6
14216	52
1585	14
1060	0
1651	0
680	0
6034	10
2180	0
3425	8
461	0
1820	8
15433	114
3085	0
230	20
8598	6
1431	2
1403	0
308	0
32	0
2569	0
5230	3043
0	0
272	1992
987	0
6229	15
841	2
1686	8
97	0
468	0
10496	53
30	0
272	0
908	14
57	0
305	9
41	9
4760	4
290	0
3331	4
364	284
2959	290
2197	10
3780	20
0	1
2655	0
1808	6
6519	4
2457	6
1382	0
1615	4
1196	0
170	0
688	2
3144	18
2614	16
1466	4
255	0
540	0
1340	0
14290	2
1154	0
1163	2
17116	46
1801	8
3693	40
1702	4
1161	6
3151	0
22079	17
1718	0
3	0
560	0
1789	2
2241	0
889	2
172	0
621	0
5391	26
4916	4
520	0
174	0
5470	5730
618	5726
2213	2
1093	2
1443	2
1377	0
2714	188
25	182
2922	120
1	108
825	2
1292	0
1298	0
70636	38
37	0
4709	0
2224	6
6702	146
6289	14
2686	8
544	0
1024	6
1341	2
18	0
686	0
23	6
675	2
2612	8
6658	20
2839	8
3376	12
10	78
248	78
1427	0
0	0
5644	26
3782	4
1016	2
522	2
1169	6
26014	18
10984	34
1613	8
816	0
60	3
3676	9
1547	2
426	0
873	0
844	0
131	0
1568	0
4566	0
11579	12
7548	4
5197	6
9226	2
20043	19855
3844	6
864	2
1749	2
2746	6
11171	34
3385	6
839	2
5848	25
6829	4
5	0
11348	5
4690	2
385	0
649	0
8316	28
3445	16
10	377
915	379
552	0
1291	8
1004	0
597	0
660	0
2732	0
633	0
1604	6
5904	16
7	0
5394	2
469	0
0	0
7	1051
856	2
3884	2
2092	0
613	2
3760	12
204	0
4236	24
367	0
1369	0
8801	14
7028	4
10395	14
298	0
112	0
1703	2
122	2298
8279	2422
3355	2
795	0
1562	12
1236	4
5	0
1219	0
10965	13
1103	3
73	8
183	12
9	0
6463	8
2638	0
3339	12
1495	0
7712	13
20	0
3258	2
52	2
464	2
4554	4
4228	12
1	0
2475	16
18231	52
1214	0
2073	0
3501	12
2943	14
4523	4
2414	0
6984	14
1224	0
2011	4
12300	182
1834	2
1428	2
5610	28
843	16
11975	8
1063	10
811	0
759	0
330	0
1277	2
0	0
16	0
1728	8
6552	36
528	0
643	2
94	0
0	0
4997	14
1086	2
16066	26
0	0
199	0
2183	0
27	0
1068	0
55	0
99	0
5476	2
13	0
592	0
3048	2
3821	2
445	2
1476	8
3113	14
5904	49
4668	4
1430	4
1545	4
260	0
0	0
6772	6
3872	4
590	0
1498	0
1864	2
8993	8
4393	6
26502	14
13673	8
825	0
2720	1168
1076	1183
31	13
2169	2
8284	6
2029	2
78	22714
694	22714
4982	8
1024	0
878	4
1263	0
1348	2
498	3232
546	3204
2413	1081
1104	1083
976	0
2340	6
1054	0
2835	20
1473	325
37	315
905	0
393	0
10651	8
2246	0
33	0
4485	2
865	2
1225	0
1059	0
7007	0
1266	0
1500	2
0	0
3950	28
1152	2
23307	12
1	0
6175	705
206	633
2	23
137	23
2842	4
59268	337168
1587	6
689	0
732	0
1122	4
810	0
5067	12
106	364
7180	372
3688	0
6996	43
59	1
3	0
40	0
2	0
1080	0
437	0
3403	4
10	0
2906	12
1245	0
411	1369
801	1369
1601	10
8861	4696
7339	10
4137	8
2327	6
1038	2
748	0
5712	30
1	0
0	0
804	2
12087	6
1116	14
6958	12
6579	4
5629	0
5808	16
430	0
6661	10
4502	6
0	0
4194	10
1605	16
0	0
1160	0
4065	20
65	154
1662	154
1991	524
543	522
2199	2
1221	4
4337	1097
94	1095
493	0
29051	19
4261	12
261	0
926	0
2224	10
37	493
3623	495
92	103863
0	19468
0	0
7986	4
2710	14
1733	8
2149	8
424	4222
2512	4281
0	0
4369	10
124	0
27158	9
16	0
104	0
1198	0
5490	60
5140	2
15	146
94	146
1191	4
290	0
1761	4
1070	4
9536	3530
1932	8
692	0
0	4745
162	79270
3120	86745
1	15174
0	0
17130	6
0	0
0	0
1195	44
0	0
0	34
3834	6
1207	6
17412	44
3160	12
5843	6
341	0
408	0
298	0
3968	20
0	0
95	4
631	572
2695	572
22	0
2404	8
766	0
8521	19
725	0
1846	2
1697	0
21	228
1282	230
1443	8
1283	10
10747	2
281	0
7881	2
2231	2
2682	2
1017	2
8563	2
1190	0
3949	6
3514	0
2550	0
372	0
59	0
1997	14
155	0
470	1
188	673
3171	683
955	0
39	0
383	0
280	2193
107	399
654	79283
0	10769
